-- Database backup created by migration script
-- Created: 2025-07-06 18:46:59.094621
-- This is a basic backup of critical tables


-- users table
INSERT INTO users (username, email, password_hash, is_2fa_enabled, created_at, user_id, role, is_subscribed) VALUES ('admin', 'admin@example.com', 'scrypt:32768:8:1$Boc2PDYHXQaFcTFP$ba1a4498961276fa98f84ac4a14fae0a2850f9455ab9cfee064efdab8dd072ef9c1cd357f6c3fd7e5adbced0a822050d96e3e35dc61cca4ea46d3a69675f778b', False, 2025-07-03 21:11:31.492249, 23, 'admin', True);
INSERT INTO users (username, email, password_hash, is_2fa_enabled, created_at, user_id, role, is_subscribed) VALUES ('guest', 'guest@example.com', 'scrypt:32768:8:1$LUF6CEV44XOlUdFv$0138d2157d56d70e1eb8a2bd6fe3a0392053758c1d8cf933548263095414b4f958317d52d0ba782f6b490f230eb452c79ce34f1fabc273280d417c3fa3e45f46', False, 2025-06-24 12:37:03.520336, 7, 'user', False);
INSERT INTO users (username, email, password_hash, is_2fa_enabled, created_at, user_id, role, is_subscribed) VALUES ('tair2', 'tair2@example.com', 'scrypt:32768:8:1$n57d9oN4Czn6IfGJ$194197c94adee51099e9fb6d7f7998a8f145f23fed80d99000ad23d511c93ff10ca121c5a6710c955d68acd1c6c8a8013e8925b395186ca080ab92834442bdee', False, 2025-06-24 14:06:24.445763, 9, 'user', False);
INSERT INTO users (username, email, password_hash, is_2fa_enabled, created_at, user_id, role, is_subscribed) VALUES ('tair_updated', 'updated_email@example.com', 'scrypt:32768:8:1$ffrDWZ58BD5Qqx3u$de5735e5288a06bf0b5b2902459a67a52ae45fa39dbfc55b1792e362641cc3398715587296037150ddaf7c89e35aba1150f64a482923ed6e1e32744d307aa571', False, 2025-06-22 11:27:23.862651, 2, 'user', False);
INSERT INTO users (username, email, password_hash, is_2fa_enabled, created_at, user_id, role, is_subscribed) VALUES ('testuser', 'testuser@example.com', 'scrypt:32768:8:1$fQqhcDZbRvYokEEj$428d242b762f65a6a9eade66d0e4130a34ae44119c7c15e3ba0fa98adaaf4ce72c618544ffa68536c95911c99c2dceb8ca22c32696d01212ef923346e0cb42e0', False, 2025-07-04 12:30:27.423715, 24, 'user', False);
INSERT INTO users (username, email, password_hash, is_2fa_enabled, created_at, user_id, role, is_subscribed) VALUES ('tair_667', 'vperedmuslims@gmail.com', 'scrypt:32768:8:1$B9rqyA9e00o9VuYK$4dbacec34cd925b45efd30286b65b2d52ee4365312ccdb01352d214fa2dc1cabb8c77247709c1124fcb0a626e24cae6979ea44018cd12a9de230af8b45461d43', True, 2025-07-02 14:32:25.175713, 21, 'user', False);
INSERT INTO users (username, email, password_hash, is_2fa_enabled, created_at, user_id, role, is_subscribed) VALUES ('Kassym', 'Kassym@gmail.com', 'scrypt:32768:8:1$lwxG259IvxYunhDQ$98097040d8e440820509e82a2ac9ae6490c13c25f789aceb1434db6d1db3f5a253e1f8291f7ae24ca3b6d4f581e33fe8633a2bdd028f26d1d68dbaeb4d3023ad', True, 2025-06-24 12:17:18.048212, 5, 'user', False);
INSERT INTO users (username, email, password_hash, is_2fa_enabled, created_at, user_id, role, is_subscribed) VALUES ('test111', 'test@gmail.com', 'scrypt:32768:8:1$Y6kudNGeryz1jjks$96dbf794ec1d296a460fdea6f933c99c192f2ae624784b5f6e3ba0207cb9a670b57e7bda06e8679c5f6039cf2de8e6d0de9baa682023f63ba139280d07403dbe', False, 2025-06-25 15:44:34.380483, 15, 'user', False);
INSERT INTO users (username, email, password_hash, is_2fa_enabled, created_at, user_id, role, is_subscribed) VALUES ('berekekentau', 'berekekentau@gmail.com', 'scrypt:32768:8:1$FgQl8TEADJ19M5a1$c6513b4c2b462d3510cc1de8ffda1b04b9084869ff472d08e559abf6a46bc591cba5ec5699b4cf5d548bf3de02e17a8687864227f9182d5f0e180e8dadf31561', False, 2025-07-05 13:37:59.826006, 25, 'premium', True);
INSERT INTO users (username, email, password_hash, is_2fa_enabled, created_at, user_id, role, is_subscribed) VALUES ('Rustem', 'akhmet.italy@mail.com', 'scrypt:32768:8:1$tv1f9AjQnd97zfbb$82df5c5cecdcb08ccd34e9f2b34c65d8189b0cd82a38327470be48d7a07f0d75f74c321f5f58384f216c758067d74a9a95405b66d8a7fd5b25e69f0b92f70dc2', False, 2025-07-02 14:53:55.124221, 22, 'premium', True);
INSERT INTO users (username, email, password_hash, is_2fa_enabled, created_at, user_id, role, is_subscribed) VALUES ('Atai', 'atai.ask@yahoo.com', 'scrypt:32768:8:1$Q3amtp3v6ujygaHX$99c67357f4773762d3995dbb1079d0b3652929a105fef9ede918a0709b3172147d5ed3febf6c717fea24fddc3fe38c549a9560699acca3f6482d4355c1d54aa7', False, 2025-06-28 18:10:09.662515, 19, 'user', False);
INSERT INTO users (username, email, password_hash, is_2fa_enabled, created_at, user_id, role, is_subscribed) VALUES ('tair123', 'tairakhayev@gmail.com', 'scrypt:32768:8:1$T4cGiu3fIkSisbDr$109ed3f8055fc62a0b5f821561100c5b40ee3fb8eef9d9fdc99613c89c9b4e72c56ef4647fd884ed2f5376ce624730aa70d7d62f161541b1632e67503137adf7', True, 2025-06-26 13:43:24.150444, 17, 'user', False);
INSERT INTO users (username, email, password_hash, is_2fa_enabled, created_at, user_id, role, is_subscribed) VALUES ('MAES1102', 'ragen.gun@mail.ru', 'scrypt:32768:8:1$CkgQ1Vnpwkfy3ict$3a9b320f784b02f2326403d06f406a8108cffdeea8bf9cb70d3beaf4dd62747be67848c4c0bfbefda4f64de704ee21f27df737b58351c9cbf233a46ace2c2c7e', False, 2025-06-29 23:09:01.655753, 20, 'user', False);
INSERT INTO users (username, email, password_hash, is_2fa_enabled, created_at, user_id, role, is_subscribed) VALUES ('tair1', 'tair@example.com', 'scrypt:32768:8:1$VkgKRf8iO3yq9aUy$1732083343d89af4b3c219534a7b56d81e42267ce020dd5636042035af7954d0412dde28d53ede8421794b0853022872c3e01ac80811da467fdb5bce8e3d6385', False, 2025-06-24 12:30:46.857883, 6, 'user', False);
INSERT INTO users (username, email, password_hash, is_2fa_enabled, created_at, user_id, role, is_subscribed) VALUES ('zhalgas', 'zhalgas@gmail.com', 'scrypt:32768:8:1$2U93ACLoWEdTQxd5$6eda58df8c9e415a7358c0f22741a00606fcd1452366f11c970164c0b0c966aa675fdf42a839dda8119f51474cf2c2769d1d92b1d2bbb98beefbc8185f8330d4', True, 2025-06-25 00:47:42, 11, 'user', False);
INSERT INTO users (username, email, password_hash, is_2fa_enabled, created_at, user_id, role, is_subscribed) VALUES ('tairakhayev', 'kuffo_tair@mail.ru', 'scrypt:32768:8:1$DrSPBvWnqLbJ9l1r$c8e8ff7fe4dfa32788b36b85c29135ab1b9c561955ab7d79ef1b0fd4a6e4bdb5a2b32680a56b5a7612126cb57ceabc826b8b6f3aeb9da7882492ed2a520cf516', False, 2025-06-24 16:37:05.669799, 10, 'premium', True);
INSERT INTO users (username, email, password_hash, is_2fa_enabled, created_at, user_id, role, is_subscribed) VALUES ('Yermek', 'yermek@gmail.com', 'scrypt:32768:8:1$BavFnJlWr5d9E9ap$49b3ababfd5538665bd33f63dc4658742f9629230ef26631d1f7092b4070ca38bfa55ad1907af2247f0cc8df5eea60afe2d7676dbf3caad7be66d40c20e89f49', False, 2025-06-26 13:58:41.229025, 18, 'user', False);
INSERT INTO users (username, email, password_hash, is_2fa_enabled, created_at, user_id, role, is_subscribed) VALUES ('Akhmet1', 'akhmet@gmail.com', 'scrypt:32768:8:1$KeCctvxKzXfztDsZ$8969fc4e34539c9bb87f4e6aa36de0c141e6a32c35d379f786ce2320ce4ff257647366db18f319b635e940d464c9bb05df9d669bc4ab98a1ff7260ade5b575cf', False, 2025-06-25 11:37:56.559305, 13, 'user', True);
INSERT INTO users (username, email, password_hash, is_2fa_enabled, created_at, user_id, role, is_subscribed) VALUES ('test_zhalgas', 'zhalgasabylka@gmail.com', 'scrypt:32768:8:1$s1QtqYrZefuI2uH0$bce14be5ae42e24565fd8319462e63ca4dc5dd3552f719e4d790262acc779a09b15d3cc3268942c1fe7be1bb31e3507c7bcdf3d8f796b288a618d61a62da2eb1', False, 2025-06-26 18:53:13, 16, 'user', True);
INSERT INTO users (username, email, password_hash, is_2fa_enabled, created_at, user_id, role, is_subscribed) VALUES ('Zhalgas03', 'zhalgas041203@gmail.com', 'scrypt:32768:8:1$ZEqGi9OrgU1RzCM9$91c8158bb9431cc6b5c00e504a100c7c54d95aca9dca0664c02904024d61a976222bb543c42c22ec3c1f5b9a739f71c7f009b2d366db645eff74ee680f3204f8', False, 2025-06-25 11:23:52, 12, 'premium', True);

-- notifications table
INSERT INTO notifications (id, user_id, title, message, is_read, created_at) VALUES (1, 13, 'Добро пожаловать!', 'Спасибо, что зарегистрировались в TripDVisor!', False, 2025-06-26 15:08:24.999415);
INSERT INTO notifications (id, user_id, title, message, is_read, created_at) VALUES (4, 19, '2FA Enabled', 'You have enabled two-factor authentication.', False, 2025-06-28 18:13:40.784556);
INSERT INTO notifications (id, user_id, title, message, is_read, created_at) VALUES (5, 19, '2FA Disabled', 'You have disabled two-factor authentication.', False, 2025-06-28 18:13:46.958130);
INSERT INTO notifications (id, user_id, title, message, is_read, created_at) VALUES (6, 10, '2FA Disabled', 'You have disabled two-factor authentication.', False, 2025-06-30 15:53:24.948223);
INSERT INTO notifications (id, user_id, title, message, is_read, created_at) VALUES (7, 10, '2FA Disabled', 'You have disabled two-factor authentication.', False, 2025-06-30 15:53:25.913586);
INSERT INTO notifications (id, user_id, title, message, is_read, created_at) VALUES (8, 16, '🧪 Тестовое уведомление', 'Это уведомление создано вручную при запуске backend.', False, 2025-07-02 13:08:17.101718);
INSERT INTO notifications (id, user_id, title, message, is_read, created_at) VALUES (9, 16, '🧪 Тестовое уведомление', 'Это уведомление создано вручную при запуске backend.', False, 2025-07-02 13:08:20.065218);
INSERT INTO notifications (id, user_id, title, message, is_read, created_at) VALUES (10, 12, '🧪 Тестовое уведомление', 'Это уведомление создано вручную при запуске backend.', False, 2025-07-02 13:08:37.125843);
INSERT INTO notifications (id, user_id, title, message, is_read, created_at) VALUES (11, 21, '2FA Enabled', 'You have enabled two-factor authentication.', False, 2025-07-02 14:33:56.163193);
INSERT INTO notifications (id, user_id, title, message, is_read, created_at) VALUES (12, 21, '2FA Enabled', 'You have enabled two-factor authentication.', False, 2025-07-02 14:38:05.662254);
INSERT INTO notifications (id, user_id, title, message, is_read, created_at) VALUES (13, 21, '2FA Enabled', 'You have enabled two-factor authentication.', False, 2025-07-02 14:39:17.769952);
INSERT INTO notifications (id, user_id, title, message, is_read, created_at) VALUES (14, 22, '2FA Enabled', 'You have enabled two-factor authentication.', False, 2025-07-02 14:55:14.691061);
INSERT INTO notifications (id, user_id, title, message, is_read, created_at) VALUES (15, 22, '2FA Disabled', 'You have disabled two-factor authentication.', False, 2025-07-02 14:55:54.007344);
INSERT INTO notifications (id, user_id, title, message, is_read, created_at) VALUES (16, 12, '2FA Enabled', 'You have enabled two-factor authentication.', False, 2025-07-02 17:19:43.960503);
INSERT INTO notifications (id, user_id, title, message, is_read, created_at) VALUES (17, 12, '2FA Disabled', 'You have disabled two-factor authentication.', False, 2025-07-02 17:20:31.196097);
INSERT INTO notifications (id, user_id, title, message, is_read, created_at) VALUES (18, 12, '2FA Enabled', 'You have enabled two-factor authentication.', False, 2025-07-02 18:46:48.673620);
INSERT INTO notifications (id, user_id, title, message, is_read, created_at) VALUES (19, 12, '2FA Disabled', 'You have disabled two-factor authentication.', False, 2025-07-02 18:46:58.750474);
INSERT INTO notifications (id, user_id, title, message, is_read, created_at) VALUES (20, 12, '2FA Enabled', 'You have enabled two-factor authentication.', False, 2025-07-02 18:48:21.828311);
INSERT INTO notifications (id, user_id, title, message, is_read, created_at) VALUES (21, 12, '2FA Disabled', 'You have disabled two-factor authentication.', False, 2025-07-02 18:48:29.445814);
INSERT INTO notifications (id, user_id, title, message, is_read, created_at) VALUES (22, 12, '2FA Enabled', 'You have enabled two-factor authentication.', False, 2025-07-02 18:50:26.142664);
INSERT INTO notifications (id, user_id, title, message, is_read, created_at) VALUES (23, 12, '2FA Disabled', 'You have disabled two-factor authentication.', False, 2025-07-02 18:50:33.299093);
INSERT INTO notifications (id, user_id, title, message, is_read, created_at) VALUES (24, 18, '2FA Enabled', 'You have enabled two-factor authentication.', False, 2025-07-04 14:57:47.887771);
INSERT INTO notifications (id, user_id, title, message, is_read, created_at) VALUES (25, 18, '2FA Enabled', 'You have enabled two-factor authentication.', False, 2025-07-04 14:57:49.479707);
INSERT INTO notifications (id, user_id, title, message, is_read, created_at) VALUES (26, 18, '2FA Enabled', 'You have enabled two-factor authentication.', False, 2025-07-04 14:57:49.893347);
INSERT INTO notifications (id, user_id, title, message, is_read, created_at) VALUES (27, 18, '2FA Enabled', 'You have enabled two-factor authentication.', False, 2025-07-04 14:57:50.087173);
INSERT INTO notifications (id, user_id, title, message, is_read, created_at) VALUES (28, 18, '2FA Enabled', 'You have enabled two-factor authentication.', False, 2025-07-04 14:57:50.303561);
INSERT INTO notifications (id, user_id, title, message, is_read, created_at) VALUES (29, 18, '2FA Enabled', 'You have enabled two-factor authentication.', False, 2025-07-04 14:57:50.413327);
INSERT INTO notifications (id, user_id, title, message, is_read, created_at) VALUES (30, 18, '2FA Enabled', 'You have enabled two-factor authentication.', False, 2025-07-04 14:57:52.039618);
INSERT INTO notifications (id, user_id, title, message, is_read, created_at) VALUES (31, 18, '2FA Disabled', 'You have disabled two-factor authentication.', False, 2025-07-04 14:57:55.991567);
INSERT INTO notifications (id, user_id, title, message, is_read, created_at) VALUES (32, 10, '2FA Enabled', 'You have enabled two-factor authentication.', False, 2025-07-04 15:30:16.572677);
INSERT INTO notifications (id, user_id, title, message, is_read, created_at) VALUES (33, 10, '2FA Disabled', 'You have disabled two-factor authentication.', False, 2025-07-05 15:13:46.540112);

-- trips table
INSERT INTO trips (name, creator_id, date_start, date_end, pdf_file_path, created_at, id) VALUES ('Test Trip', 23, 2025-07-01 00:00:00, 2025-07-10 00:00:00, NULL, 2025-07-04 13:27:46.257384, '290d0b6c-5327-4a3e-9c76-69e833b89f3d');
INSERT INTO trips (name, creator_id, date_start, date_end, pdf_file_path, created_at, id) VALUES ('Test Trip', 23, 2025-07-01 00:00:00, 2025-07-10 00:00:00, NULL, 2025-07-04 13:29:28.330820, 'd60ba15f-b70b-493a-a42b-d0ac091b3d00');
INSERT INTO trips (name, creator_id, date_start, date_end, pdf_file_path, created_at, id) VALUES ('Test Trip', 23, 2025-07-01 00:00:00, 2025-07-10 00:00:00, NULL, 2025-07-04 13:32:20.848792, 'd6d6c678-5b61-4586-bfa6-d038ef6847ca');
INSERT INTO trips (name, creator_id, date_start, date_end, pdf_file_path, created_at, id) VALUES ('Test Trip', 23, 2025-07-01 00:00:00, 2025-07-10 00:00:00, NULL, 2025-07-04 13:33:32.692808, '34efa62f-b932-4f89-b541-9462a6845dbe');
INSERT INTO trips (name, creator_id, date_start, date_end, pdf_file_path, created_at, id) VALUES ('Test Trip', 23, 2025-07-01 00:00:00, 2025-07-10 00:00:00, NULL, 2025-07-04 13:33:55.981690, '0956d692-dc86-4aaa-8b6e-0ee9f1c8ef63');
INSERT INTO trips (name, creator_id, date_start, date_end, pdf_file_path, created_at, id) VALUES ('Test Trip', 23, 2024-07-01 00:00:00, 2024-07-10 00:00:00, NULL, 2025-07-04 14:19:41.234700, '6b84f3f6-8093-423a-82c4-3aab36626075');
INSERT INTO trips (name, creator_id, date_start, date_end, pdf_file_path, created_at, id) VALUES ('Test Trip', 23, 2024-07-01 00:00:00, 2024-07-10 00:00:00, NULL, 2025-07-04 14:22:08.216856, '6ed5dee1-4291-498f-95e3-73c0a7238b74');
INSERT INTO trips (name, creator_id, date_start, date_end, pdf_file_path, created_at, id) VALUES ('Test Trip', 23, 2024-07-01 00:00:00, 2024-07-10 00:00:00, NULL, 2025-07-04 14:28:16.168661, '53d85f94-6791-4677-8ca7-2c889fb5c1a0');
INSERT INTO trips (name, creator_id, date_start, date_end, pdf_file_path, created_at, id) VALUES ('Test Trip', 23, 2024-07-01 00:00:00, 2024-07-10 00:00:00, NULL, 2025-07-04 14:28:37.858425, 'e128d094-786d-4ea1-b159-890f8f8e52ee');
INSERT INTO trips (name, creator_id, date_start, date_end, pdf_file_path, created_at, id) VALUES ('3-Day Cultural Trip to Rome', 10, 2025-07-04 00:00:00, 2025-07-06 00:00:00, 'static/trips/tairakhayev_20250704175620.pdf', 2025-07-04 15:56:20.787473, '4078f257-d8d7-48e7-8304-9e26e1c1e6c1');
INSERT INTO trips (name, creator_id, date_start, date_end, pdf_file_path, created_at, id) VALUES ('3-Day Budget Trip to Paris', 10, 2025-07-05 00:00:00, 2025-07-07 00:00:00, 'static/trips/tairakhayev_20250705153422.pdf', 2025-07-05 13:34:23.151518, '1e8ae942-91f3-4131-85a6-38f631653674');
INSERT INTO trips (name, creator_id, date_start, date_end, pdf_file_path, created_at, id) VALUES ('3-Day Luxury Trip to Venice', 25, 2025-07-05 00:00:00, 2025-07-07 00:00:00, 'static/trips/berekekentau_20250705154237.pdf', 2025-07-05 13:42:37.919264, 'ff191bc3-dede-41e3-8d71-3aef9bfc6d46');
INSERT INTO trips (name, creator_id, date_start, date_end, pdf_file_path, created_at, id) VALUES ('3-Day Budget Trip to Vienna', 12, 2025-07-05 00:00:00, 2025-07-07 00:00:00, 'static/trips/Zhalgas03_20250705164341.pdf', 2025-07-05 14:43:40.574212, '4b1bea8d-32b6-4846-9e14-680736e0c734');
INSERT INTO trips (name, creator_id, date_start, date_end, pdf_file_path, created_at, id) VALUES ('3-Day Budget Trip to Venice', 18, 2025-07-06 00:00:00, 2025-07-08 00:00:00, 'static/trips/Yermek_20250706170033.pdf', 2025-07-06 15:00:33.526559, '7fdbb665-9b68-4ede-aa87-7b0a5303f9c1');

-- trip_group table
INSERT INTO trip_group (id, user_id, role, joined_at, trip_id) VALUES (13, 23, 'creator', 2025-07-04 13:27:46.257384, '290d0b6c-5327-4a3e-9c76-69e833b89f3d');
INSERT INTO trip_group (id, user_id, role, joined_at, trip_id) VALUES (14, 23, 'creator', 2025-07-04 13:29:28.330820, 'd60ba15f-b70b-493a-a42b-d0ac091b3d00');
INSERT INTO trip_group (id, user_id, role, joined_at, trip_id) VALUES (15, 23, 'creator', 2025-07-04 13:32:20.848792, 'd6d6c678-5b61-4586-bfa6-d038ef6847ca');
INSERT INTO trip_group (id, user_id, role, joined_at, trip_id) VALUES (16, 23, 'creator', 2025-07-04 13:33:32.692808, '34efa62f-b932-4f89-b541-9462a6845dbe');
INSERT INTO trip_group (id, user_id, role, joined_at, trip_id) VALUES (17, 23, 'creator', 2025-07-04 13:33:55.981690, '0956d692-dc86-4aaa-8b6e-0ee9f1c8ef63');
INSERT INTO trip_group (id, user_id, role, joined_at, trip_id) VALUES (18, 23, 'creator', 2025-07-04 14:19:41.234700, '6b84f3f6-8093-423a-82c4-3aab36626075');
INSERT INTO trip_group (id, user_id, role, joined_at, trip_id) VALUES (19, 24, 'member', 2025-07-04 14:19:41.234700, '6b84f3f6-8093-423a-82c4-3aab36626075');
INSERT INTO trip_group (id, user_id, role, joined_at, trip_id) VALUES (20, 23, 'creator', 2025-07-04 14:22:08.216856, '6ed5dee1-4291-498f-95e3-73c0a7238b74');
INSERT INTO trip_group (id, user_id, role, joined_at, trip_id) VALUES (21, 24, 'member', 2025-07-04 14:22:08.216856, '6ed5dee1-4291-498f-95e3-73c0a7238b74');
INSERT INTO trip_group (id, user_id, role, joined_at, trip_id) VALUES (22, 23, 'creator', 2025-07-04 14:28:16.168661, '53d85f94-6791-4677-8ca7-2c889fb5c1a0');
INSERT INTO trip_group (id, user_id, role, joined_at, trip_id) VALUES (23, 24, 'member', 2025-07-04 14:28:16.168661, '53d85f94-6791-4677-8ca7-2c889fb5c1a0');
INSERT INTO trip_group (id, user_id, role, joined_at, trip_id) VALUES (24, 23, 'creator', 2025-07-04 14:28:37.858425, 'e128d094-786d-4ea1-b159-890f8f8e52ee');
INSERT INTO trip_group (id, user_id, role, joined_at, trip_id) VALUES (25, 24, 'member', 2025-07-04 14:28:37.858425, 'e128d094-786d-4ea1-b159-890f8f8e52ee');
INSERT INTO trip_group (id, user_id, role, joined_at, trip_id) VALUES (28, 10, 'creator', 2025-07-04 15:56:20.787473, '4078f257-d8d7-48e7-8304-9e26e1c1e6c1');
INSERT INTO trip_group (id, user_id, role, joined_at, trip_id) VALUES (33, 10, 'creator', 2025-07-05 13:34:23.151518, '1e8ae942-91f3-4131-85a6-38f631653674');
INSERT INTO trip_group (id, user_id, role, joined_at, trip_id) VALUES (34, 25, 'creator', 2025-07-05 13:42:37.919264, 'ff191bc3-dede-41e3-8d71-3aef9bfc6d46');
INSERT INTO trip_group (id, user_id, role, joined_at, trip_id) VALUES (38, 12, 'creator', 2025-07-05 14:43:40.574212, '4b1bea8d-32b6-4846-9e14-680736e0c734');
INSERT INTO trip_group (id, user_id, role, joined_at, trip_id) VALUES (40, 18, 'creator', 2025-07-06 15:00:33.526559, '7fdbb665-9b68-4ede-aa87-7b0a5303f9c1');
